title,author,published_year,isbn,subject,price,availability,rating
"""Most Blessed of the Patriarchs"": Thomas Jefferson and the Empire of the Imagination",,,,,Â£44.48,In stock,Five
#HigherSelfie: Wake Up Your Life. Free Your Soul. Find Your Tribe.,,,,,Â£23.11,In stock,Five
'Salem’s Lot,Stephen King,1975.0,,,,,
(Un)Qualified: How God Uses Broken People to Do Big Things,,,,,Â£54.00,In stock,Five
... Trotzdem Ja zum Leben sagen,Viktor E. Frankl,1946.0,,,,,
"10% Happier: How I Tamed the Voice in My Head, Reduced Stress Without Losing My Edge, and Found Self-Help That Actually Works",,,,,Â£24.57,In stock,Two
10-Day Green Smoothie Cleanse: Lose Up to 15 Pounds in 10 Days!,,,,,Â£49.71,In stock,Five
11/22/63,,,,,Â£48.48,In stock,Three
13 Hours: The Inside Account of What Really Happened In Benghazi,,,,,Â£27.06,In stock,One
1491: New Revelations of the Americas Before Columbus,,,,,Â£21.80,In stock,Three
2001,Arthur C. Clarke,1968.0,,,,,
23 Degrees South: A Tropical Tale of Changing Whether...,,,,,Â£35.79,In stock,Two
32 Yolks,,,,,Â£53.63,In stock,Two
4:50 from Paddington,Agatha Christie,1957.0,,,,,
A Brief History of Time,Stephen Hawking,1988.0,,,,,
A Brush of Wings (Angels Walking #3),,,,,Â£55.51,In stock,One
A Caribbean Mystery,Agatha Christie,1964.0,,,,,
A Christmas Carol,Charles Dickens,1843.0,,,,,
A Clockwork Orange,Anthony Burgess,1962.0,,,,,
A Connecticut Yankee in King Arthur's Court,Mark Twain,1889.0,,,,,
A Court of Thorns and Roses (A Court of Thorns and Roses #1),,,,,Â£52.37,In stock,One
A Distant Mirror: The Calamitous 14th Century,,,,,Â£14.58,In stock,Three
A Doll's House,Henrik Ibsen,1889.0,,,,,
A Farewell to Arms,Ernest Hemingway,1929.0,,,,,
A Fierce and Subtle Poison,,,,,Â£28.13,In stock,Four
A Flight of Arrows (The Pathfinders #2),,,,,Â£55.53,In stock,Five
A Gentleman's Position (Society of Gentlemen #3),,,,,Â£14.75,In stock,Five
A Hero's Curse (The Unseen Chronicles #1),,,,,Â£50.49,In stock,Three
A Light in the Attic,,,,,Â£51.77,In stock,Three
A Little Princess,Frances Hodgson Burnett,1905.0,,,,,
A Man Called Ove,,,,,Â£39.72,In stock,One
A Midsummer Night's Dream,William Shakespeare,1600.0,,,,,
A Mother's Reckoning: Living in the Aftermath of Tragedy,,,,,Â£19.53,In stock,Three
A Murder Is Announced,Agatha Christie,1950.0,,,,,
"A Murder Over a Girl: Justice, Gender, Junior High",,,,,Â£13.20,In stock,Three
A Murder in Time,,,,,Â£16.64,In stock,One
A Paris Apartment,,,,,Â£39.01,In stock,Four
A People's History of the United States,,,,,Â£40.79,In stock,Two
"A Piece of Sky, a Grain of Rice: A Memoir in Four Meditations",,,,,Â£56.76,In stock,Five
A Portrait of the Artist as a Young Man,James Joyce,1818.0,,,,,
A Princess of Mars,Edgar Rice Burroughs,1917.0,,,,,
A Room of One's Own,Virginia Woolf,1929.0,,,,,
A Room with a View,Edward Morgan Forster,1908.0,,,,,
"A Series of Catastrophes and Miracles: A True Story of Love, Science, and Cancer",,,,,Â£56.48,In stock,Two
A Shard of Ice (The Black Symphony Saga #1),,,,,Â£56.63,In stock,Three
A Study in Scarlet,Arthur Conan Doyle,1887.0,,,,,
A Study in Scarlet (Sherlock Holmes #1),,,,,Â£16.73,In stock,Two
A Study of History,Arnold J. Toynbee,1900.0,,,,,
A Tale of Two Cities,Charles Dickens,1800.0,,,,,
A Time of Torment (Charlie Parker #14),,,,,Â£48.35,In stock,Five
A Vindication of Rights of Woman,Mary Wollstonecraft,1792.0,,,,,
A World of Flavor: Your Gluten Free Passport,,,,,Â£42.95,In stock,One
A Wrinkle in Time,Madeleine L'Engle,1962.0,,,,,
A dictionary of the English language,Samuel Johnson,1747.0,,,,,
"A la Mode: 120 Recipes in 60 Pairings: Pies, Tarts, Cakes, Crisps, and More Topped with Ice Cream, Gelato, Frozen Custard, and More",,,,,Â£38.77,In stock,One
A la recherche du temps perdu,Marcel Proust,1914.0,,,,,
Ab urbe condita,Titus Livius,1481.0,,,,,
Abstract City,,,,,Â£56.37,In stock,Five
Adultery,,,,,Â£20.88,In stock,Five
"Adulthood Is a Myth: A ""Sarah's Scribbles"" Collection",,,,,Â£10.90,In stock,Two
Adventures of Huckleberry Finn,Mark Twain,1876.0,,,,,
Aeneis,Publius Vergilius Maro,1710.0,,,,,
After the Funeral,Agatha Christie,1953.0,,,,,
Agnostic: A Spirited Manifesto,,,,,Â£12.51,In stock,Five
Aladdin and His Wonderful Lamp,,,,,Â£53.13,In stock,Three
Algorithms to Live By: The Computer Science of Human Decisions,,,,,Â£30.81,In stock,One
Alice's Adventures in Wonderland,Lewis Carroll,1865.0,,,,,
Alice's Adventures in Wonderland / Through the Looking Glass,Lewis Carroll,1889.0,,,,,
All the Light We Cannot See,,,,,Â£29.87,In stock,Five
All's Well That Ends Well,William Shakespeare,1734.0,,,,,
Also sprach Zarathustra,Friedrich Nietzsche,1895.0,,,,,
Amatus,,,,,Â£50.54,In stock,Five
America's Cradle of Quarterbacks: Western Pennsylvania's Football Factory from Johnny Unitas to Joe Montana,,,,,Â£22.50,In stock,Three
Amid the Chaos,,,,,Â£36.58,In stock,One
Amy Meets the Saints and Sages,,,,,Â£18.46,In stock,Three
An American Tragedy,Theodore Dreiser,1900.0,,,,,
An autobiography,Mohandas Karamchand Gandhi,1927.0,,,,,
Anatomy,Henry Gray F.R.S.,1858.0,,,,,
And Then There Were None,Agatha Christie,1939.0,,,,,
Angels & Demons,Dan Brown,2000.0,,,,,
Angels & Demons (Robert Langdon #1),,,,,Â£51.48,In stock,Three
Angels Walking (Angels Walking #1),,,,,Â£34.20,In stock,Two
Animal Farm,George Orwell,1945.0,,,,,
Anna Karenina,Лев Толстой,1876.0,,,,,
Anne of Avonlea,Lucy Maud Montgomery,1909.0,,,,,
Anne of Green Gables,Lucy Maud Montgomery,1908.0,,,,,
Anne of Windy Poplars,Lucy Maud Montgomery,1900.0,,,,,
Anne of the Island,Lucy Maud Montgomery,1826.0,,,,,
Anne's House of Dreams,Lucy Maud Montgomery,1917.0,,,,,
Anonymous,,,,,Â£46.82,In stock,Four
Anthem,Ayn Rand,1936.0,,,,,
Antony and Cleopatra,William Shakespeare,1734.0,,,,,
Appointment with Death,Agatha Christie,1938.0,,,,,
Arena,,,,,Â£21.36,In stock,Four
Aristotle and Dante Discover the Secrets of the Universe (Aristotle and Dante Discover the Secrets of the Universe #1),,,,,Â£58.14,In stock,Four
Ars Amatoria,Ovid,1494.0,,,,,
"Arsène Lupin, gentleman-cambrioleur",Maurice Leblanc,1907.0,,,,,
Art Ops Vol. 1,,,,,Â£48.80,In stock,Three
Art and Fear: Observations on the Perils (and Rewards) of Artmaking,,,,,Â£48.63,In stock,Four
As You Like It,William Shakespeare,1734.0,,,,,
As a man thinketh,James Allen,1902.0,,,,,
At Bertram's Hotel,Agatha Christie,1965.0,,,,,
Autobiography,Benjamin Franklin,1791.0,,,,,
Autobiography of a Yogi,Yogananda Paramahansa,1946.0,,,,,
"Avatar: The Last Airbender: Smoke and Shadow, Part 3 (Smoke and Shadow #3)",,,,,Â£28.09,In stock,Two
Ayumi's Violin,,,,,Â£15.48,In stock,Two
Balloon Animals,,,,,Â£17.03,In stock,Three
Bambi (First Colouring Tall),Felix Salten,1861.0,,,,,
Barefoot Contessa Back to Basics,,,,,Â£28.01,In stock,One
Barefoot Contessa at Home: Everyday Recipes You'll Make Over and Over Again,,,,,Â£50.62,In stock,Five
Batman: Europa,,,,,Â£32.01,In stock,Two
Batman: The Dark Knight Returns (Batman),,,,,Â£15.38,In stock,Five
Batman: The Long Halloween (Batman),,,,,Â£36.50,In stock,Two
Beauty Restored (Riley Family Legacy Novellas #3),,,,,Â£11.11,In stock,Two
Becoming Wise: An Inquiry into the Mystery and Art of Living,,,,,Â£27.43,In stock,Two
Behind Closed Doors,,,,,Â£52.22,In stock,Four
Being Mortal: Medicine and What Matters in the End,,,,,Â£55.06,In stock,Four
Beloved,Toni Morrison,1987.0,,,,,
Between the World and Me,,,,,Â£56.91,In stock,Four
Bible,Bible,1200.0,,,,,
Big Magic: Creative Living Beyond Fear,,,,,Â£30.80,In stock,Three
Birdsong: A Story in Pictures,,,,,Â£54.64,In stock,Three
"Bitch Planet, Vol. 1: Extraordinary Machine (Bitch Planet (Collected Editions))",,,,,Â£37.92,In stock,Two
Black Beauty,Anna Sewell,1877.0,,,,,
Black Dust,,,,,Â£34.53,In stock,Five
Bleak House,Charles Dickens,1850.0,,,,,
Boar Island (Anna Pigeon #19),,,,,Â£59.48,In stock,Three
Book of common prayer,Church of England,1537.0,,,,,
Born for This: How to Find the Work You Were Meant to Do,,,,,Â£21.59,In stock,Five
Bossypants,,,,,Â£49.46,In stock,Two
Brain on Fire: My Month of Madness,,,,,Â£49.32,In stock,Five
Brazen: The Courage to Find the You That's Been Hiding,,,,,Â£19.22,In stock,Two
Breakfast at Tiffany's,Truman Capote,1956.0,,,,,
Bridge to Terabithia,Katherine Paterson,1972.0,,,,,
Brilliant Beacons: A History of the American Lighthouse,,,,,Â£11.45,In stock,Three
Brood of the Witch-Queen,Sax Rohmer,1924.0,,,,,
Burning,,,,,Â£28.81,In stock,Three
Buying In: The Secret Dialogue Between What We Buy and Who We Are,,,,,Â£37.80,In stock,Four
Call the Nurse: True Stories of a Country Nurse on a Scottish Isle,,,,,Â£29.14,In stock,Five
Camp Midnight,,,,,Â£17.08,In stock,Four
Can You Keep a Secret? (Fear Street Relaunch #4),,,,,Â£48.64,In stock,One
Candide,Voltaire,1746.0,,,,,
Carmilla,Joseph Sheridan Le Fanu,1871.0,,,,,
Carrie,Stephen King,1974.0,,,Â£46.23,In stock,Two
"Carry On, Warrior: Thoughts on Life Unarmed",,,,,Â£31.85,In stock,Three
Catch-22,Joseph Heller,1961.0,,,,,
Catching Jordan (Hundred Oaks),,,,,Â£50.83,In stock,Three
Cell,,,,,Â£20.29,In stock,Four
Charlie and the Chocolate Factory,Roald Dahl,1964.0,,,,,
Charlie and the Great Glass Elevator,Roald Dahl,1972.0,,,,,
Charlotte's Web,E. B. White,1952.0,,,,,
Chase Me (Paris Nights #2),,,,,Â£25.27,In stock,Five
Chasing Heaven: What Dying Taught Me About Living,,,,,Â£37.80,In stock,Two
Chemistry,Theodore L. Brown,1977.0,,,,,
Chernobyl 01:23:40: The Incredible True Story of the World's Worst Nuclear Disaster,,,,,Â£35.92,In stock,Two
Cien años de soledad,Gabriel García Márquez,1967.0,,,,,
City of Ashes (The Mortal Instruments #2),,,,,Â£47.27,In stock,One
City of Bones (The Mortal Instruments #1),,,,,Â£43.28,In stock,One
City of Fallen Angels (The Mortal Instruments #4),,,,,Â£11.23,In stock,Four
City of Glass (The Mortal Instruments #3),,,,,Â£56.02,In stock,Four
Clockwork Angel (The Infernal Devices #1),,,,,Â£44.14,In stock,One
Close to You,,,,,Â£49.46,In stock,Four
Code Name Verity (Code Name Verity #1),,,,,Â£22.13,In stock,Four
"Codename Baboushka, Volume 1: The Conclave of Death",,,,,Â£36.72,In stock,Four
Cometh the Hour (The Clifton Chronicles #6),,,,,Â£25.01,In stock,Three
Common Sense,Thomas Paine,1776.0,,,,,
Confessions,Augustine of Hippo,1482.0,,,,,
Cranford,Elizabeth Cleghorn Gaskell,1853.0,,,,,
Cravings: Recipes for What You Want to Eat,,,,,Â£20.50,In stock,Three
Crazy Love: Overwhelmed by a Relentless God,,,,,Â£47.72,In stock,Two
Crooked House,Agatha Christie,1949.0,,,,,
Crown of Midnight (Throne of Glass #2),,,,,Â£43.29,In stock,Three
Curtain,Agatha Christie,1975.0,,,,,
Daddy-Long-Legs,Jean Webster,1912.0,,,,,
Daily Fantasy Sports,,,,,Â£36.58,In stock,One
Daisy Miller,Henry James,1877.0,,,,,
Danganronpa Volume 1,,,,,Â£51.99,In stock,Four
Daredevils,,,,,Â£16.34,In stock,Three
"Daring Greatly: How the Courage to Be Vulnerable Transforms the Way We Live, Love, Parent, and Lead",,,,,Â£19.43,In stock,Three
Dark Notes,,,,,Â£19.19,In stock,Five
Das Kapital,Karl Marx,1867.0,,,,,
Das Schloß,Franz Kafka,1926.0,,,,,
David Copperfield,Charles Dickens,1800.0,,,,,
De la terre à la lune,Jules Verne,1865.0,,,,,
De rerum natura,Titus Lucretius Carus,1486.0,,,,,
Dear Mr. Knightley,,,,,Â£11.21,In stock,Five
Death by Leisure: A Cautionary Tale,,,,,Â£37.51,In stock,Four
Death in the Clouds,Agatha Christie,1935.0,,,,,
Death on the Nile,Agatha Christie,1937.0,,,,,
Decamerone,Giovanni Boccaccio,1516.0,,,,,
"Deliciously Ella Every Day: Quick and Easy Recipes for Gluten-Free Snacks, Packed Lunches, and Simple Meals",,,,,Â£42.16,In stock,Three
Demian,Hermann Hesse,1919.0,,,,,
Demigods & Magicians: Percy and Annabeth Meet the Kanes (Percy Jackson & Kane Chronicles Crossover #1-3),,,,,Â£37.51,In stock,Five
Der Proceß,Franz Kafka,1925.0,,,,,
Der Steppenwolf,Hermann Hesse,1927.0,,,,,
Der Zauberberg,Thomas Mann,1924.0,,,,,
Diary of a Citizen Scientist: Chasing Tiger Beetles and Other New Ways of Engaging the World,,,,,Â£28.41,In stock,One
Die Blechtrommel,Günter Grass,1959.0,,,,,
Die Leiden des jungen Werthers,Johann Wolfgang von Goethe,1779.0,,,,,
Die Verwandlung,Franz Kafka,1915.0,,,,,
Dirty (Dive Bar #1),,,,,Â£40.83,In stock,Four
Discours de la méthode,René Descartes,1644.0,,,,,
Doctor Sleep (The Shining #2),,,,,Â£40.12,In stock,Two
Doing It Over (Most Likely To #1),,,,,Â£35.61,In stock,Three
Don Quixote,Miguel de Cervantes Saavedra,1600.0,,,,,
"Don't Be a Jerk: And Other Practical Advice from Dogen, Japan's Greatest Zen Master",,,,,Â£37.97,In stock,Two
Don't Forget Steven,,,,,Â£33.23,In stock,One
Don't Get Caught,,,,,Â£55.35,In stock,One
Done Rubbed Out (Reightman & Bailey #1),,,,,Â£37.72,In stock,Five
Dorothy and the Wizard in Oz,L. Frank Baum,1908.0,,,,,
Dracula,Bram Stoker,1897.0,,,,,
Dress Your Family in Corduroy and Denim,,,,,Â£43.68,In stock,Three
Drive: The Surprising Truth About What Motivates Us,,,,,Â£34.95,In stock,Four
Du contrat social,Jean-Jacques Rousseau,1762.0,,,,,
Dubliners,James Joyce,1914.0,,,,,
Dune,Frank Herbert,1965.0,,,,,
"Eat Fat, Get Thin",,,,,Â£54.07,In stock,Two
"Eaternity: More than 150 Deliciously Easy Vegan Recipes for a Long, Healthy, Satisfied, Joyful Life",,,,,Â£51.75,In stock,Five
Eight Hundred Grapes,,,,,Â£14.39,In stock,Four
El Deafo,,,,,Â£57.62,In stock,Five
El amor en los tiempos del cólera,Gabriel García Márquez,1985.0,,,,,
El túnel,Ernesto Sabato,1948.0,,,,,
Eleanor & Park,,,,,Â£56.51,In stock,Five
Elements,Euclid,1482.0,,,,,
Elephants Can Remember,Agatha Christie,1969.0,,,,,
Eligible (The Austen Project #4),,,,,Â£27.09,In stock,Three
Emma,Jane Austen,1815.0,,,,,
Ender's Game,Orson Scott Card,1985.0,,,,,
Ender's Game (The Ender Quintet #1),,,,,Â£43.64,In stock,One
Equal Is Unfair: America's Misguided Fight Against Income Inequality,,,,,Â£56.86,In stock,One
Essay concerning human understanding,John Locke,1689.0,,,,,
Essays,Francis Bacon,1618.0,,,,,
Ethan Frome,Edith Wharton,1910.0,,,,,
Eureka Trivia 6.0,,,,,Â£54.59,In stock,Four
Eva Luna,Isabel Allende,1987.0,,,,,
Every Last Word,,,,,Â£46.47,In stock,Three
Everydata: The Misinformation Hidden in the Little Data You Consume Every Day,,,,,Â£54.35,In stock,Two
Everyday Italian: 125 Simple and Delicious Recipes,,,,,Â£20.10,In stock,Five
Evil Under the Sun,Agatha Christie,1941.0,,,,,
"Exit, Pursued by a Bear",,,,,Â£51.34,In stock,Four
Eyewitness,DK Publishing,2000.0,,,,,
"Fables, Vol. 1: Legends in Exile (Fables #1)",,,,,Â£41.62,In stock,Four
Faerie queene,Edmund Spenser,1590.0,,,,,
Fahrenheit 451,Ray Bradbury,1953.0,,,,,
Fairy Tales and Stories,Hans Christian Andersen,1850.0,,,,,
Fantastic Mr Fox,Roald Dahl,1970.0,,,,,
"Far & Away: Places on the Brink of Change: Seven Continents, Twenty-Five Years",,,,,Â£15.06,In stock,Four
Far From the Madding Crowd,Thomas Hardy,1874.0,,,,,
Faust,Johann Wolfgang von Goethe,1800.0,,,,,
Feathers: Displays of Brilliant Plumage,,,,,Â£49.05,In stock,Three
Fifty Shades Darker (Fifty Shades #2),,,,,Â£21.96,In stock,One
Fifty Shades of Grey,E. L. James,2000.0,,,,,
Finders Keepers (Bill Hodges Trilogy #2),,,,,Â£53.53,In stock,Five
Finnegans Wake,James Joyce,1928.0,,,,,
First Steps for New Christians (Print Edition),,,,,Â£29.00,In stock,One
First and First (Five Boroughs #3),,,,,Â£15.97,In stock,Four
Five Children and It,Edith Nesbit,1905.0,,,,,
Five Little Pigs,Agatha Christie,1942.0,,,,,
Flatland,Edwin Abbott Abbott,1884.0,,,,,
Follow You Home,,,,,Â£21.36,In stock,One
"Foolproof Preserving: A Guide to Small Batch Jams, Jellies, Pickles, Condiments, and More: A Foolproof Guide to Making Small Batch Jams, Jellies, Pickles, Condiments, and More",,,,,Â£30.52,In stock,Three
For Whom the Bell Tolls,Ernest Hemingway,1940.0,,,,,
Forever and Forever: The Courtship of Henry Longfellow and Fanny Appleton,,,,,Â£29.69,In stock,Three
Frankenstein or The Modern Prometheus,Mary Shelley,1818.0,,,,,
Frostbite (Vampire Academy #2),,,,,Â£29.99,In stock,Five
"Fruits Basket, Vol. 9 (Fruits Basket #9)",,,,,Â£33.95,In stock,Four
Full Moon over Noahâs Ark: An Odyssey to Mount Ararat and Beyond,,,,,Â£49.43,In stock,Four
Furiously Happy: A Funny Book About Horrible Things,,,,,Â£41.46,In stock,Four
Future Shock (Future Shock #1),,,,,Â£55.65,In stock,Five
Genji monogatari,Murasaki Shikibu,1900.0,,,,,
George's Marvelous Medicine,Roald Dahl,1981.0,,,,,
"Giant Days, Vol. 2 (Giant Days #5-8)",,,,,Â£22.11,In stock,Two
Glory over Everything: Beyond The Kitchen House,,,,,Â£45.84,In stock,Three
God: The Most Unpleasant Character in All Fiction,,,,,Â£30.03,In stock,Five
Gone With the Wind,Margaret Mitchell,1905.0,,,,,
Good wives,Louisa May Alcott,1870.0,,,,,
Goodnight Moon,Margaret Wise Brown,1947.0,,,,,
Gorin no sho,Miyamoto Musashi,1963.0,,,,,
Great Expectations,Charles Dickens,1861.0,,,,,
Greek Mythic History,,,,,Â£10.23,In stock,Five
Grey (Fifty Shades #4),,,,,Â£48.49,In stock,Four
Grumbles,,,,,Â£22.16,In stock,Two
Guess How Much I Love You,Sam McBratney,1839.0,,,,,
Gulliver's Travels,Jonathan Swift,1726.0,,,,,
Hamilton: The Revolution,,,,,Â£58.79,In stock,Three
Hamlet,William Shakespeare,1603.0,,,,,
Hans Andersen's Fairy Tales,Hans Christian Andersen,1846.0,,,,,
Hard Times,Charles Dickens,1854.0,,,,,
Harry Potter and the Chamber of Secrets,J. K. Rowling,1998.0,,,,,
Harry Potter and the Deathly Hallows,J. K. Rowling,2007.0,,,,,
Harry Potter and the Goblet of Fire,J. K. Rowling,1993.0,,,,,
Harry Potter and the Half-Blood Prince,J. K. Rowling,2005.0,,,,,
Harry Potter and the Order of the Phoenix,J. K. Rowling,2003.0,,,,,
Harry Potter and the Philosopher's Stone,J. K. Rowling,1997.0,,,,,
Harry Potter and the Prisoner of Azkaban,J. K. Rowling,1999.0,,,,,
Heart of Darkness,Joseph Conrad,1899.0,,,,,
Heaven is for Real: A Little Boy's Astounding Story of His Trip to Heaven and Back,,,,,Â£52.86,In stock,Two
Heidi,Johanna Spyri,1885.0,,,,,
Heinemann Mathematics,Scottish Primary Mathematics Group,1983.0,,,,,
Henry Moore,David Sylvester,1934.0,,,,,
Her Backup Boyfriend (The Sorensen Family #1),,,,,Â£33.97,In stock,One
Hercule Poirot's Christmas,Agatha Christie,1939.0,,,,,
Het Achterhuis,Anne Frank,1944.0,,,,,
Hide Away (Eve Duncan #20),,,,,Â£11.84,In stock,One
His Last Bow [8 stories],Arthur Conan Doyle,1917.0,,,,,
History,Herodotus,1494.0,,,,,
History of Beauty,,,,,Â£10.29,In stock,Four
History of the Decline and Fall of the Roman Empire Complete and Unabridged,Edward Gibbon,1776.0,,,,,
History of the Peloponnesian War,Thucydides,1526.0,,,,,
Hold Your Breath (Search and Rescue #1),,,,,Â£28.82,In stock,One
Hollow City (Miss Peregrineâs Peculiar Children #2),,,,,Â£42.98,In stock,One
Homage to Catalonia,George Orwell,1938.0,,,,,
How Music Works,,,,,Â£37.32,In stock,Two
How to Be Miserable: 40 Strategies You Already Use,,,,,Â£46.03,In stock,One
How to Speak Golf: An Illustrated Guide to Links Lingo,,,,,Â£58.32,In stock,Five
How to Win Friends and Influence People,Dale Carnegie,1913.0,,,,,
Howl and Other Poems,,,,,Â£40.45,In stock,Two
"Hush, Hush (Hush, Hush #1)",,,,,Â£47.02,In stock,Three
"Hyperbole and a Half: Unfortunate Situations, Flawed Coping Mechanisms, Mayhem, and Other Things That Happened",,,,,Â£14.75,In stock,Five
Hystopia: A Novel,,,,,Â£21.96,In stock,Four
I Am Pilgrim (Pilgrim #1),,,,,Â£10.60,In stock,Four
I Had a Nice Time And Other Lies...: How to find love & sh*t like that,,,,,Â£57.36,In stock,Four
"I Hate Fairyland, Vol. 1: Madly Ever After (I Hate Fairyland (Compilations) #1-5)",,,,,Â£29.17,In stock,Two
I Know What I'm Doing -- and Other Lies I Tell Myself: Dispatches from a Life Under Construction,,,,,Â£25.98,In stock,Four
I Will Find You,,,,,Â£44.21,In stock,One
I am a Hero Omnibus Volume 1,,,,,Â£54.63,In stock,Three
I'll Give You the Sun,,,,,Â£56.48,In stock,One
If I Gave You God's Phone Number....: Searching for Spirituality in America,,,,,Â£20.91,In stock,One
Il nome della rosa,Umberto Eco,1980.0,,,,,
Im Westen nichts Neues,Erich Maria Remarque,1928.0,,,,,
Imitation of Christ,Thomas à Kempis,1568.0,,,,,
Immunity: How Elie Metchnikoff Changed the Course of Modern Medicine,,,,,Â£57.36,In stock,Five
In Cold Blood,Truman Capote,1709.0,,,,,
In Her Wake,,,,,Â£12.84,In stock,One
"In a Dark, Dark Wood",,,,,Â£19.63,In stock,One
In the Country We Love: My Family Divided,,,,,Â£22.00,In stock,Four
Incidents in the life of a slave girl,Harriet A. Jacobs,1861.0,,,,,
Inferno,Dante Alighieri,1767.0,,,,,
Island of Dragons (Unwanteds #7),,,,,Â£29.65,In stock,One
It Can't Happen Here,Sinclair Lewis,1935.0,,,,,
It Didn't Start with You: How Inherited Family Trauma Shapes Who We Are and How to End the Cycle,,,,,Â£56.27,In stock,Three
"It's All Easy: Healthy, Delicious Weeknight Meals in under 30 Minutes",,,,,Â£19.55,In stock,One
It's Only the Himalayas,,,,,Â£45.17,In stock,Two
Ivanhoe,Sir Walter Scott,1800.0,,,,,
James and the Giant Peach,Roald Dahl,1961.0,,,,,
Jane Eyre,Charlotte Brontë,1847.0,,,,,
Jane Eyre,Charlotte Brontë,1847.0,,,,,
Jenseits von Gut und Böse,Friedrich Nietzsche,1885.0,,,,,
John Vassos: Industrial Design for Modern Life,,,,,Â£20.22,In stock,Four
Join,,,,,Â£35.67,In stock,Five
Judo: Seven Steps to Black Belt (an Introductory Guide for Beginners),,,,,Â£53.90,In stock,Two
Julius Caesar,William Shakespeare,1684.0,,,,,
Keep Me Posted,,,,,Â£20.46,In stock,Four
Kidnapped,Robert Louis Stevenson,1886.0,,,,,
Kierkegaard: A Christian Missionary to Christians,,,,,Â£47.13,In stock,One
Kill 'Em and Leave: Searching for James Brown and the American Soul,,,,,Â£45.05,In stock,Five
Kim,Rudyard Kipling,1901.0,,,,,
Kinder- und Hausmärchen,Brothers Grimm,1812.0,,,,,
King Henry V,William Shakespeare,1600.0,,,,,
King Lear,William Shakespeare,1608.0,,,,,
King Solomon's Mines,H. Rider Haggard,1885.0,,,,,
Kritik der reinen Vernunft,Immanuel Kant,1781.0,,,,,
La Chute,Albert Camus,1917.0,,,,,
La Peste,Albert Camus,1942.0,,,,,
La Poetica,Aristotle,1479.0,,,,,
La casa de los espíritus,Isabel Allende,1982.0,,,,,
Lab Girl,,,,,Â£40.85,In stock,One
Lady Chatterley's Lover,David Herbert Lawrence,1900.0,,,,,
Lady Midnight (The Dark Artifices #1),,,,,Â£16.28,In stock,Five
Lady Susan,Jane Austen,1925.0,,,,,
Large Print Heart of the Pride,,,,,Â£19.15,In stock,Two
"Laws, etc",Great Britain.,1691.0,,,,,
"Layered: Baking, Building, and Styling Spectacular Cakes",,,,,Â£40.11,In stock,One
Le Comte de Monte Cristo,Alexandre Dumas,1830.0,,,,,
Le Morte d'Arthur,Thomas Malory,1557.0,,,,,
Le Tour du Monde en Quatre-Vingts Jours,Jules Verne,1872.0,,,,,
Le avventure di Pinocchio,Carlo Collodi,1883.0,,,,,
Le fantôme de l'opéra,Gaston Leroux,1911.0,,,,,
Le petit prince,Antoine de Saint-Exupéry,1943.0,,,,,
Leaves of Grass,Walt Whitman,1855.0,,,,,
Left Behind (Left Behind #1),,,,,Â£40.72,In stock,Two
Les Contes de ma mère l'Oye,Charles Perrault,1675.0,,,,,
Les Fleurs du Mal,,,,,Â£29.04,In stock,Five
Les Liaisons dangereuses,Pierre Choderlos de Laclos,1782.0,,,,,
Les Misérables,Victor Hugo,1862.0,,,,,
Les Trois Mousquetaires,Alexandre Dumas,1844.0,,,,,
Les confessions,Jean-Jacques Rousseau,1782.0,,,,,
Les fleurs du mal,Charles Baudelaire,1855.0,,,,,
Let It Out: A Journey Through Journaling,,,,,Â£26.79,In stock,Five
Leviathan,Thomas Hobbes,1651.0,,,,,
Libertarianism for Beginners,,,,,Â£51.33,In stock,Two
Library of Souls (Miss Peregrineâs Peculiar Children #3),,,,,Â£48.56,In stock,Five
Lies and Other Acts of Love,,,,,Â£45.14,In stock,One
Life on the Mississippi,Mark Twain,1883.0,,,,,
Lilac Girls,,,,,Â£17.28,In stock,Two
Lilith,George MacDonald,1895.0,,,,,
Little House in the Big Woods,Laura Ingalls Wilder,1932.0,,,,,
Little Red,,,,,Â£13.47,In stock,Three
Little Women,Louisa May Alcott,1848.0,,,,,
Little men,Louisa May Alcott,1885.0,,,,,
Lives,Plutarch,1564.0,,,,,
Living Forward: A Proven Plan to Stop Drifting and Get the Life You Want,,,,,Â£12.55,In stock,Three
"Living Leadership by Insight: A Good Leader Achieves, a Great Leader Builds Monuments",,,,,Â£46.91,In stock,Four
Lolita,Vladimir Nabokov,1955.0,,,,,
Looking for Lovely: Collecting the Moments that Matter,,,,,Â£29.14,In stock,Five
Lord Edgware Dies,Agatha Christie,1933.0,,,,,
Lord of Flies,William Golding,1954.0,,,,,
Louisa: The Extraordinary Life of Mrs. Adams,,,,,Â£16.85,In stock,Two
Love Is a Mix Tape (Music #1),,,,,Â£18.03,In stock,One
"Love That Boy: What Two Presidents, Eight Road Trips, and My Son Taught Me About a Parent's Expectations",,,,,Â£25.06,In stock,Two
"Love, Lies and Spies",,,,,Â£20.55,In stock,Two
Lowriders to the Center of the Earth (Lowriders in Space #2),,,,,Â£51.51,In stock,Two
Luckiest Girl Alive,,,,,Â£49.83,In stock,Three
Luis Paints the World,,,,,Â£53.95,In stock,Three
Lumberjanes Vol. 3: A Terrible Plan (Lumberjanes #9-12),,,,,Â£19.92,In stock,Two
"Lumberjanes, Vol. 1: Beware the Kitten Holy (Lumberjanes #1-4)",,,,,Â£45.61,In stock,Three
"Lumberjanes, Vol. 2: Friendship to the Max (Lumberjanes #5-8)",,,,,Â£46.91,In stock,Two
L’étranger,Albert Camus,1942.0,,,,,
M Train,,,,,Â£27.18,In stock,One
Macbeth,William Shakespeare,1508.0,,,,,
Madame Bovary,Gustave Flaubert,1857.0,,,,,
Made to Stick: Why Some Ideas Survive and Others Die,,,,,Â£38.85,In stock,Five
"Mama Tried: Traditional Italian Cooking for the Screwed, Crude, Vegan, and Tattooed",,,,,Â£14.02,In stock,Four
Man and Superman,George Bernard Shaw,1903.0,,,,,
Man's Search for Meaning,,,,,Â£29.48,In stock,Three
Manifest der Kommunistischen Partei,Karl Marx,1848.0,,,,,
Manifest der Kommunistischen Partei,Karl Marx,1955.0,,,,,
Martin Eden,Jack London,1908.0,,,,,
Masks and Shadows,,,,,Â£56.40,In stock,Two
Matilda,Roald Dahl,1988.0,,,,,
Maude (1883-1993):She Grew Up with the country,,,,,Â£18.02,In stock,Two
Max Ernst,Max Ernst,1956.0,,,,,
Meditations,Marcus Aurelius,1626.0,,,,,
Mein Kampf,Adolf Hitler,1922.0,,,,,
Memoirs of Sherlock Holmes [11 stories],Arthur Conan Doyle,1893.0,,,,,
Memórias póstumas de Brás Cubas,Joaquim Maria Machado de Assis,1881.0,,,,,
Mere Christianity,C.S. Lewis,1943.0,,,,,
Mesaerion: The Best Science Fiction Stories 1800-1849,,,,,Â£37.59,In stock,One
Metamorphoses,Ovid,1479.0,,,,,
Middlemarch,George Eliot,1871.0,,,,,
Miller's Valley,,,,,Â£58.54,In stock,Two
Misery,Stephen King,1978.0,,,,,
Miss Peregrineâs Home for Peculiar Children (Miss Peregrineâs Peculiar Children #1),,,,,Â£10.76,In stock,One
Moby Dick,Herman Melville,1851.0,,,,,
Modern Day Fables,,,,,Â£47.44,In stock,Two
Modern Romance,,,,,Â£28.26,In stock,Five
More Than Music (Chasing the Dream #1),,,,,Â£37.61,In stock,Two
Most Wanted,,,,,Â£35.28,In stock,Three
"Mother, Can You Not?",,,,,Â£16.89,In stock,Five
Mothering Sunday,,,,,Â£13.34,In stock,Two
Mr. Mercedes (Bill Hodges Trilogy #1),,,,,Â£28.90,In stock,One
Mrs. Dalloway,Virginia Woolf,1925.0,,,,,
Mrs. Houdini,,,,,Â£30.25,In stock,Five
Much Ado About Nothing,William Shakespeare,1600.0,,,,,
Murder at the 42nd Street Library (Raymond Ambler #1),,,,,Â£54.36,In stock,Four
Murder in Mesopotamia,Agatha Christie,1936.0,,,,,
Murder in Three Acts,Agatha Christie,1934.0,,,,,
Murder on the Links,Agatha Christie,1923.0,,,,,
Murder on the Orient Express,Agatha Christie,1933.0,,,,,
My Kind of Crazy,,,,,Â£40.36,In stock,One
My Kitchen Year: 136 Recipes That Saved My Life,,,,,Â£11.53,In stock,Two
My Life Next Door (My Life Next Door ),,,,,Â£36.39,In stock,Five
My Mrs. Brown,,,,,Â£24.48,In stock,Three
My Name Is Lucy Barton,,,,,Â£41.56,In stock,One
My Paris Kitchen: Recipes and Stories,,,,,Â£33.37,In stock,Two
My Ántonia,Willa Cather,1918.0,,,,,
Mémoires,Giacomo Casanova,1830.0,,,,,
Mémoires d'Hadrien,Marguerite Yourcenar,1951.0,,,,,
"NaNo What Now? Finding your editing process, revising your NaNoWriMo book and building a writing career through publishing and beyond",,,,,Â£10.41,In stock,Four
Nap-a-Roo,,,,,Â£25.08,In stock,One
Narrative of the life of Frederick Douglass,Frederick Douglass,1845.0,,,,,
"Naruto (3-in-1 Edition), Vol. 14: Includes Vols. 40, 41 & 42 (Naruto: Omnibus #14)",,,,,Â£38.39,In stock,Two
Naturalis historia,Pliny the Elder,1469.0,,,,,
Nemesis,Agatha Christie,1970.0,,,,,
Nicomachean Ethics,Aristotle,1558.0,,,,,
Night Sky with Exit Wounds,,,,,Â£41.05,In stock,One
"Nightingale, Sing",,,,,Â£38.28,In stock,One
Nineteen Eighty-Four,George Orwell,1949.0,,,,,
No Dream Is Too High: Life Lessons From a Man Who Walked on the Moon,,,,,Â£21.95,In stock,Two
No Love Allowed (Dodge Cove #1),,,,,Â£54.65,In stock,Four
Noli Me Tangere,José Rizal,1902.0,,,,,
Northanger Abbey,Jane Austen,1818.0,,,,,
Northern Lights,Philip Pullman,1995.0,,,,,
Obsidian (Lux #1),,,,,Â£14.86,In stock,Two
Of Human Bondage,William Somerset Maugham,1915.0,,,,,
Of Mice and Men,John Steinbeck,1937.0,,,,,
Off the Hook (Fishing for Trouble #1),,,,,Â£47.67,In stock,Three
Old School (Diary of a Wimpy Kid #10),,,,,Â£11.83,In stock,Five
Olio,,,,,Â£23.88,In stock,One
Oliver Twist,Charles Dickens,1822.0,,,,,
On Liberty,John Stuart Mill,1859.0,,,,,
On The Beach,Nevil Shute,1957.0,,,,,
On The Road,Jack Kerouac,1957.0,,,,,
On a Midnight Clear,,,,,Â£14.07,In stock,Three
On the origin of species by means of natural selection,Charles Darwin,1859.0,,,,,
Once Was a Time,,,,,Â£18.28,In stock,Two
One Flew Over the Cuckoo's Nest,Ken Kesey,1962.0,,,,,
One with You (Crossfire #5),,,,,Â£15.71,In stock,Four
Online Marketing for Busy Authors: A Step-By-Step Guide,,,,,Â£46.35,In stock,One
Orlando,Virginia Woolf,1928.0,,,,,
Orthodoxy,Gilbert Keith Chesterton,1908.0,,,,,
Othello,William Shakespeare,1622.0,,,,,
"Our Band Could Be Your Life: Scenes from the American Indie Underground, 1981-1991",,,,,Â£57.25,In stock,Three
Out of Print: City Lights Spotlight No. 14,,,,,Â£53.64,In stock,Five
"Outcast, Vol. 1: A Darkness Surrounds Him (Outcast #1)",,,,,Â£15.44,In stock,Four
"Overload: How to Unplug, Unwind, and Unleash Yourself from the Pressure of Stress",,,,,Â£52.15,In stock,Three
Ozma of Oz,L. Frank Baum,1907.0,,,,,
Paradise Lost,John Milton,1667.0,,,,,
Patience,,,,,Â£10.16,In stock,Three
Paul Klee,Paul Klee,1930.0,,,,,
Penny Maybe,,,,,Â£33.29,In stock,Three
Pensées,Blaise Pascal,1670.0,,,,,
Perfume,Patrick Süskind,1985.0,,,,,
Peril at End House,Agatha Christie,1932.0,,,,,
Persuasion,Jane Austen,1789.0,,,,,
Pet Sematary,,,,,Â£10.56,In stock,Three
Peter Pan,J. M. Barrie,1911.0,,,,,
Phantastes,George MacDonald,1850.0,,,,,
Philosophiae naturalis principia mathematica,Sir Isaac Newton,1687.0,,,,,
Picasso,Pablo Picasso,1926.0,,,,,
Pickwick Papers,Charles Dickens,1800.0,,,,,
Pippi Långstrump,Astrid Lindgren,1945.0,,,,,
Playing with Fire,,,,,Â£13.71,In stock,Three
Plays (36),William Shakespeare,1623.0,,,,,
Please Kill Me: The Uncensored Oral History of Punk,,,,,Â£31.19,In stock,Four
Poems,William Butler Yeats,1895.0,,,,,
Poems,William Wordsworth,1807.0,,,,,
Poems That Make Grown Women Cry,,,,,Â£14.19,In stock,Four
Poems by John Keats,John Keats,1800.0,,,,,
Poetics,Aristotle,1536.0,,,,,
Poirot investigates,Agatha Christie,1924.0,,,,,
Poisonous (Max Revere Novels #3),,,,,Â£26.80,In stock,Three
"Political Suicide: Missteps, Peccadilloes, Bad Calls, Backroom Hijinx, Sordid Pasts, Rotten Breaks, and Just Plain Dumb Mistakes in the Annals of American Politics",,,,,Â£36.28,In stock,Two
Pollyanna,Eleanor Hodgman Porter,1913.0,,,,,
"Pop Gun War, Volume 1: Gift",,,,,Â£18.97,In stock,One
Poses for Artists Volume 1 - Dynamic and Sitting Poses: An Essential Reference for Figure Drawing and the Human Form,,,,,Â£41.06,In stock,One
Pride and Prejudice,Jane Austen,1813.0,,,,,
Prince Caspian,C.S. Lewis,1951.0,,,,,
Princess Between Worlds (Wide-Awake Princess #5),,,,,Â£13.34,In stock,Five
"Princess Jellyfish 2-in-1 Omnibus, Vol. 01 (Princess Jellyfish 2-in-1 Omnibus #1)",,,,,Â£13.61,In stock,Five
Principles of Anatomy and Physiology,Gerard J. Tortora,1975.0,,,,,
Private Paris (Private #10),,,,,Â£47.61,In stock,Five
Proofs of God: Classical Arguments from Tertullian to Barth,,,,,Â£54.21,In stock,One
Psycho: Sanitarium (Psycho #1.5),,,,,Â£36.97,In stock,Five
Pygmalion,George Bernard Shaw,1912.0,,,,,
"Quarter Life Poetry: Poems for the Young, Broke and Hangry",,,,,Â£50.89,In stock,Five
Quench Your Own Thirst: Business Lessons Learned Over a Beer or Two,,,,,Â£43.14,In stock,One
Rain Fish,,,,,Â£23.57,In stock,Three
"Ramayana, a Holy Bible of India",Vālmīki,1823.0,,,,,
Raspberry Pi Electronics Projects for the Evil Genius,,,,,Â£49.67,In stock,Four
"Rat Queens, Vol. 3: Demons (Rat Queens (Collected Editions) #11-15)",,,,,Â£50.40,In stock,Three
Reasons to Stay Alive,,,,,Â£26.41,In stock,Two
Rebecca,Daphne du Maurier,1938.0,,,,,
"Red Hood/Arsenal, Vol. 1: Open for Business (Red Hood/Arsenal #1)",,,,,Â£25.48,In stock,Two
Redeeming Love,,,,,Â£20.47,In stock,Five
Reskilling America: Learning to Labor in the Twenty-First Century,,,,,Â£19.83,In stock,Two
Rip it Up and Start Again,,,,,Â£35.02,In stock,Five
Rising Strong,,,,,Â£21.82,In stock,Three
Robin Hood,Howard Pyle,1883.0,,,,,
Robin War,,,,,Â£47.82,In stock,Three
Robinson Crusoe,Daniel Defoe,1719.0,,,,,
Roller Girl,,,,,Â£14.10,In stock,Five
Romeo and Juliet,William Shakespeare,1597.0,,,,,
Romero and Juliet: A Tragic Tale of Love and Zombies,,,,,Â£36.94,In stock,One
Rook,,,,,Â£37.86,In stock,Four
"Saga, Volume 5 (Saga (Collected Editions) #5)",,,,,Â£51.04,In stock,Two
"Saga, Volume 6 (Saga (Collected Editions) #6)",,,,,Â£25.02,In stock,Three
Salomé,Oscar Wilde,1893.0,,,,,
Sapiens: A Brief History of Humankind,,,,,Â£54.23,In stock,Five
Scarlett Epstein Hates It Here,,,,,Â£43.55,In stock,Five
Scott Pilgrim's Precious Little Life (Scott Pilgrim #1),,,,,Â£52.29,In stock,Five
Searching for Meaning in Gailana,,,,,Â£38.73,In stock,One
Secrets and Lace (Fatal Hearts #1),,,,,Â£20.27,In stock,One
Security,,,,,Â£39.25,In stock,Two
See America: A Celebration of Our National Parks & Treasured Sites,,,,,Â£48.87,In stock,Three
Sein und Zeit,Martin Heidegger,1927.0,,,,,
Sense and Sensibility,Jane Austen,1811.0,,,,,
Set Me Free,,,,,Â£17.46,In stock,Five
"Setting the World on Fire: The Brief, Astonishing Life of St. Catherine of Siena",,,,,Â£21.15,In stock,Two
Shadows of the Past (Logan Point #1),,,,,Â£39.67,In stock,Five
Shakespeare's Sonnets,,,,,Â£20.66,In stock,Four
Sharp Objects,,,,,Â£47.82,In stock,Four
"Shobu Samurai, Project Aryoku (#3)",,,,,Â£29.06,In stock,Three
Shoe Dog: A Memoir by the Creator of NIKE,,,,,Â£23.99,In stock,Two
Shtum,,,,,Â£55.84,In stock,Four
Siddhartha,Hermann Hesse,1922.0,,,,,
Silence in the Dark (Logan Point #4),,,,,Â£58.33,In stock,Three
Sleeping Giants (Themis Files #1),,,,,Â£48.74,In stock,One
Sleeping Murder,Agatha Christie,1940.0,,,,,
Slow States of Collapse: Poems,,,,,Â£57.31,In stock,Three
Smarter Faster Better: The Secrets of Being Productive in Life and Business,,,,,Â£38.89,In stock,Five
Snatched: How A Drug Queen Went Undercover for the DEA and Was Kidnapped By Colombian Guerillas,,,,,Â£21.21,In stock,Three
"So Cute It Hurts!!, Vol. 6 (So Cute It Hurts!! #6)",,,,,Â£35.43,In stock,Four
So You've Been Publicly Shamed,,,,,Â£12.23,In stock,Two
Soft Apocalypse,,,,,Â£26.12,In stock,Two
Someone Like You (The Harrisons #2),,,,,Â£52.79,In stock,Five
Something More Than This,,,,,Â£16.24,In stock,Four
Sonnets,William Shakespeare,1609.0,,,,,
Sophie's World,,,,,Â£15.94,In stock,Five
Sorting the Beef from the Bull: The Science of Food Fraud Forensics,,,,,Â£44.74,In stock,Four
Soul Reader,,,,,Â£39.58,In stock,Two
Soumission,,,,,Â£50.10,In stock,One
South of Sunshine,,,,,Â£28.93,In stock,One
Spark Joy: An Illustrated Master Class on the Art of Organizing and Tidying Up,,,,,Â£41.83,In stock,Four
Sparkling Cyanide,Agatha Christie,1945.0,,,,,
Stars Above (The Lunar Chronicles #4.5),,,,,Â£48.05,In stock,Two
"Starving Hearts (Triangular Trade Trilogy, #1)",,,,,Â£13.99,In stock,Two
Steve Jobs,,,,,Â£39.50,In stock,Five
Still Life with Bread Crumbs,,,,,Â£26.41,In stock,Three
Study Guide,Supersummary,2019.0,,,,,
Study Guide,SuperSummary,2017.0,,,,,
Suddenly in Love (Lake Haven #1),,,,,Â£55.99,In stock,Two
Summa Theologica,Thomas Aquinas,1467.0,,,,,
Superman Vol. 1: Before Truth (Superman by Gene Luen Yang #1),,,,,Â£11.89,In stock,Five
Suzie Snowflake: One beautiful flake (a self-esteem story),,,,,Â£54.81,In stock,Five
Swell: A Year of Waves,,,,,Â£45.58,In stock,One
Take Me Home Tonight (Rock Star Romance #3),,,,,Â£53.98,In stock,Three
Take Me with You,,,,,Â£45.21,In stock,Three
Tastes Like Fear (DI Marnie Rome #3),,,,,Â£10.69,In stock,One
Tempest,William Shakespeare,1611.0,,,,,
Tender is the Night,F. Scott Fitzgerald,1933.0,,,,,
Tess of the d'Urbervilles,Thomas Hardy,1707.0,,,,,
That Darkness (Gardiner and Renner #1),,,,,Â£13.92,In stock,One
The 10% Entrepreneur: Live Your Startup Dream Without Quitting Your Day Job,,,,,Â£27.55,In stock,Three
The 14th Colony (Cotton Malone #11),,,,,Â£39.24,In stock,One
The A.B.C. Murders,Agatha Christie,1936.0,,,,,
The Activist's Tao Te Ching: Ancient Advice for a Modern Revolution,,,,,Â£32.24,In stock,Five
The Adventures of Sherlock Holmes [12 stories],Arthur Conan Doyle,1892.0,,,,,
The Adventures of Tom Sawyer,Mark Twain,1817.0,,,,,
The Age of Genius: The Seventeenth Century and the Birth of the Modern Mind,,,,,Â£19.73,In stock,One
The Age of Innocence,Edith Wharton,1920.0,,,,,
The Alchemist,Paulo Coelho,1988.0,,,,,
"The Alchemist, 1612",Ben Jonson,1612.0,,,,,
The Alien Club,,,,,Â£54.40,In stock,One
The Argonauts,,,,,Â£10.93,In stock,Two
The Art Forger,,,,,Â£40.76,In stock,Three
The Art and Science of Low Carbohydrate Living,,,,,Â£52.98,In stock,Five
The Art of Loving,Erich Fromm,1956.0,,,,,
The Art of Startup Fundraising,,,,,Â£21.00,In stock,Three
The Art of War,Sun Tzu,1900.0,,,Â£33.34,In stock,Five
The Artist's Way: A Spiritual Path to Higher Creativity,,,,,Â£38.49,In stock,Five
The Awakening,Kate Chopin,1899.0,,,,,
The BFG,Roald Dahl,1980.0,,,,,
The Bad-Ass Librarians of Timbuktu: And Their Race to Save the Worldâs Most Precious Manuscripts,,,,,Â£15.77,In stock,One
The Bane Chronicles (The Bane Chronicles #1-11),,,,,Â£44.73,In stock,Four
The Bear and the Piano,,,,,Â£36.89,In stock,One
The Beautiful and Damned,F. Scott Fitzgerald,1922.0,,,,,
The Bell Jar,Sylvia Plath,1963.0,,,,,
The Big Four,Agatha Christie,1927.0,,,,,
The Big Sleep,Raymond Chandler,1939.0,,,,,
The Black Maria,,,,,Â£52.15,In stock,One
The Body in the Library,Agatha Christie,1942.0,,,,,
The Book Thief,Markus Zusak,1998.0,,,,,
The Book of Dragons,Edith Nesbit,1973.0,,,,,
The Book of Mormon,,,,,Â£24.57,In stock,Three
The Book of the Dead,Ernest Alfred Wallis Budge,1894.0,,,,,
The Boy in the Striped Pyjamas,John Boyne,2006.0,,,,,
The Boys in the Boat: Nine Americans and Their Epic Quest for Gold at the 1936 Berlin Olympics,,,,,Â£22.60,In stock,Four
The Bridge to Consciousness: I'm Writing the Bridge Between Science and Our Old and New Beliefs.,,,,,Â£32.00,In stock,Three
"The Bulletproof Diet: Lose up to a Pound a Day, Reclaim Energy and Focus, Upgrade Your Life",,,,,Â£49.05,In stock,Three
The Call of the Wild,Jack London,1903.0,,,,,
The Canterbury Tales,Geoffrey Chaucer,1478.0,,,,,
The Case-Book of Sherlock Holmes,Arthur Conan Doyle,1927.0,,,,,
The Castle of Otranto,Horace Walpole,1764.0,,,,,
The Catcher in the Rye,J. D. Salinger,1900.0,,,,,
The Children,,,,,Â£11.88,In stock,Three
"The Coming Woman: A Novel Based on the Life of the Infamous Feminist, Victoria Woodhull",,,,,Â£17.93,In stock,Three
"The Complete Sherlock Holmes [4 novels, 56 stories]",Arthur Conan Doyle,1900.0,,,,,
The Cookies & Cups Cookbook: 125+ sweet & savory recipes reminding you to Always Eat Dessert First,,,,,Â£41.25,In stock,One
The Curious Incident of the Dog in the Night-Time,Mark Haddon,1950.0,,,,,
The Da Vinci Code,Dan Brown,2003.0,,,,,
The Darkest Lie,,,,,Â£35.35,In stock,Five
The Daughter of Time,Josephine Tey,1951.0,,,,,
The Death of Humanity: and the Case for Life,,,,,Â£58.11,In stock,Four
The Devil's Dictionary,Ambrose Bierce,1840.0,,,,,
The Diary of a Young Girl,,,,,Â£59.90,In stock,Three
The Dinner Party,,,,,Â£56.54,In stock,Two
The Dirty Little Secrets of Getting Your Dream Job,,,,,Â£33.34,In stock,Four
The Dovekeepers,,,,,Â£48.78,In stock,One
The E-Myth Revisited: Why Most Small Businesses Don't Work and What to Do About It,,,,,Â£36.91,In stock,One
The Electric Pencil: Drawings from Inside State Hospital No. 3,,,,,Â£56.06,In stock,One
The Elements of Style,"William Strunk, Jr.",1920.0,,,,,
The Elephant Tree,,,,,Â£23.82,In stock,Five
The Emerald Mystery,,,,,Â£23.15,In stock,Two
The Enchanted Castle,Edith Nesbit,1907.0,,,,,
The Epidemic (The Program 0.6),,,,,Â£14.44,In stock,Five
"The Fabric of the Cosmos: Space, Time, and the Texture of Reality",,,,,Â£55.91,In stock,One
The First Hostage (J.B. Collins #2),,,,,Â£25.85,In stock,Three
The First Men in the Moon,H. G. Wells,1900.0,,,,,
The Five Love Languages: How to Express Heartfelt Commitment to Your Mate,,,,,Â£31.05,In stock,Three
The Flowers Lied,,,,,Â£16.68,In stock,Two
The Four Agreements: A Practical Guide to Personal Freedom,,,,,Â£17.66,In stock,Five
The Genius of Birds,,,,,Â£17.24,In stock,One
The Girl on the Train,,,,,Â£55.02,In stock,Two
The Giver,Lois Lowry,1993.0,,,,,
The Glittering Court (The Glittering Court #1),,,,,Â£44.28,In stock,One
The Godfather,Mario Puzo,1969.0,,,,,
The Golden Condom: And Other Essays on Love Lost and Found,,,,,Â£39.43,In stock,One
The Good Earth,Pearl S. Buck,1931.0,,,,,
The Grapes of Wrath,John Steinbeck,1939.0,,,,,
The Gray Rhino: How to Recognize and Act on the Obvious Dangers We Ignore,,,,,Â£59.15,In stock,Four
The Great Gatsby,F. Scott Fitzgerald,1920.0,,,,,
The Great God Pan,Arthur Machen,1894.0,,,,,
The Grownup,,,,,Â£35.88,In stock,One
The Gruffalo,Julia Donaldson,1999.0,,,,,
The Guilty (Will Robie #4),,,,,Â£13.82,In stock,Two
The Gutsy Girl: Escapades for Your Life of Epic Adventure,,,,,Â£37.13,In stock,One
The Handmaid's Tale,Margaret Atwood,1985.0,,,,,
The Help Yourself Cookbook for Kids: 60 Easy Plant-Based Recipes Kids Can Make to Stay Healthy and Save the Earth,,,,,Â£28.77,In stock,Three
The Hidden Oracle (The Trials of Apollo #1),,,,,Â£52.26,In stock,Two
The High Mountains of Portugal,,,,,Â£51.15,In stock,One
The Hitch Hiker's Guide to the Galaxy,Douglas Adams,1979.0,,,,,
The Hobbit,J.R.R. Tolkien,1937.0,,,,,
The Hollow,Agatha Christie,1946.0,,,,,
The Horse and His Boy,C.S. Lewis,1954.0,,,,,
The Hound of the Baskervilles,Arthur Conan Doyle,1900.0,,,,,
The House by the Lake,,,,,Â£36.95,In stock,One
The House of Mirth,Edith Wharton,1905.0,,,,,
The Hunchback of Notre Dame,Victor Hugo,1831.0,,,,,
The Hunger Games,Suzanne Collins,2008.0,,,,,
The Immortal Life of Henrietta Lacks,,,,,Â£40.67,In stock,Two
The Importance of Being Earnest,Oscar Wilde,1893.0,,,,,
The Improbability of Love,,,,,Â£59.45,In stock,One
"The Inefficiency Assassin: Time Management Tactics for Working Smarter, Not Longer",,,,,Â£20.59,In stock,Five
The Invisible Man,H. G. Wells,1897.0,,,,,
The Iron Heel,Jack London,1907.0,,,,,
The Island of Dr. Moreau,H. G. Wells,1896.0,,,,,
The Jewel of Seven Stars,Bram Stoker,1902.0,,,,,
The Jungle,Upton Sinclair,1905.0,,,,,
The Jungle Book,Rudyard Kipling,1893.0,,,,,
The King in Yellow,Robert W. Chambers,1895.0,,,,,
The Kite Runner,Khaled Hosseini,2003.0,,,Â£41.82,In stock,Four
The Kybalion,Three Initiates,1912.0,,,,,
The Last Battle,C.S. Lewis,1956.0,,,,,
The Last Man,Mary Shelley,1826.0,,,,,
The Last Mile (Amos Decker #2),,,,,Â£54.21,In stock,Two
The Last of the Mohicans,James Fenimore Cooper,1826.0,,,,,
The Legend of Sleepy Hollow,Washington Irving,1820.0,,,,,
The Life-Changing Magic of Tidying Up: The Japanese Art of Decluttering and Organizing,,,,,Â£16.77,In stock,Three
"The Lion, the Witch and the Wardrobe",C.S. Lewis,1950.0,,,,,
The Literature Book (Big Ideas Simply Explained),,,,,Â£17.43,In stock,Three
The Lonely City: Adventures in the Art of Being Alone,,,,,Â£33.26,In stock,Two
The Loney,,,,,Â£23.40,In stock,One
The Long Haul (Diary of a Wimpy Kid #9),,,,,Â£44.07,In stock,One
The Long Shadow of Small Ghosts: Murder and Memory in an American City,,,,,Â£10.97,In stock,One
The Lord of the Rings,J.R.R. Tolkien,1954.0,,,,,
The Lost Symbol,Dan Brown,2009.0,,,,,
The Lost World,Arthur Conan Doyle,1900.0,,,,,
The Love and Lemons Cookbook: An Apple-to-Zucchini Celebration of Impromptu Cooking,,,,,Â£37.60,In stock,Two
The Lucifer Effect: Understanding How Good People Turn Evil,,,,,Â£10.40,In stock,One
The Magician's Nephew,C.S. Lewis,1955.0,,,,,
The Man Who Knew Too Much,Gilbert Keith Chesterton,1922.0,,,,,
The Man Who Was Thursday,Gilbert Keith Chesterton,1908.0,,,,,
The Man in the Brown Suit,Agatha Christie,1924.0,,,,,
The Marriage of Opposites,,,,,Â£28.08,In stock,Four
The Martian (The Martian #1),,,,,Â£41.39,In stock,Two
The Martian Chronicles,Ray Bradbury,1950.0,,,,,
The Marvelous Land of Oz,L. Frank Baum,1904.0,,,,,
The Matchmaker's Playbook (Wingmen Inc. #1),,,,,Â£55.85,In stock,One
The Merchant of Venice,William Shakespeare,1600.0,,,,,
"The Midnight Assassin: Panic, Scandal, and the Hunt for America's First Serial Killer",,,,,Â£28.45,In stock,Four
The Midnight Watch: A Novel of the Titanic and the Californian,,,,,Â£26.20,In stock,One
"The Mindfulness and Acceptance Workbook for Anxiety: A Guide to Breaking Free from Anxiety, Phobias, and Worry Using Acceptance and Commitment Therapy",,,,,Â£23.89,In stock,Four
The Mirror Crack'd from Side to Side,Agatha Christie,1960.0,,,,,
The Mistake (Off-Campus #2),,,,,Â£43.29,In stock,Three
The Moonstone,Wilkie Collins,1868.0,,,,,
"The Moosewood Cookbook: Recipes from Moosewood Restaurant, Ithaca, New York",,,,,Â£12.34,In stock,Four
The Most Perfect Thing: Inside (and Outside) a Bird's Egg,,,,,Â£42.96,In stock,Four
The Murder That Never Was (Forensic Instincts #5),,,,,Â£54.11,In stock,Three
The Murder at the Vicarage,Agatha Christie,1930.0,,,,,
The Murder of Roger Ackroyd,Agatha Christie,1926.0,,,,,
The Murder of Roger Ackroyd (Hercule Poirot #4),,,,,Â£44.10,In stock,Four
The Murders in the Rue Morgue,Edgar Allan Poe,1895.0,,,,,
The Mysterious Affair at Styles,Agatha Christie,1920.0,,,,,
The Mystery of the Blue Train,Agatha Christie,1928.0,,,,,
The Nameless City (The Nameless City #1),,,,,Â£38.16,In stock,Four
The Natural History of Us (The Fine Art of Pretending #2),,,,,Â£45.22,In stock,Three
The Nerdy Nummies Cookbook: Sweet Treats for the Geek in All of Us,,,,,Â£37.34,In stock,Five
The New Brand You: Your New Image Makes the Sale for You,,,,,Â£44.05,In stock,Five
The New Drawing on the Right Side of the Brain,,,,,Â£43.02,In stock,Three
The Night Before Christmas,Clement Clarke Moore,1857.0,,,,,
The Norton Anthology of English Literature,M. H. Abrams,1962.0,,,,,
The Old Man and the Sea,Ernest Hemingway,1952.0,,,,,
The Omnivore's Dilemma: A Natural History of Four Meals,,,,,Â£38.21,In stock,Two
The Past Never Ends,,,,,Â£56.50,In stock,Four
The Pearl,John Steinbeck,1945.0,,,,,
The Phoenix and the Carpet,Edith Nesbit,1903.0,,,,,
The Picture of Dorian Gray,Oscar Wilde,1890.0,,,,,
The Pilgrim's Progress,John Bunyan,1678.0,,,,,
"The Pioneer Woman Cooks: Dinnertime: Comfort Classics, Freezer Food, 16-Minute Meals, and Other Delicious Ways to Solve Supper!",,,,,Â£56.41,In stock,One
The Poems of Emily Dickinson Volume II,Emily Dickinson,1890.0,,,,,
The Portrait of a Lady,Henry James,1881.0,,,,,
The Power of Habit: Why We Do What We Do in Life and Business,,,,,Â£16.88,In stock,Three
The Power of Now: A Guide to Spiritual Enlightenment,,,,,Â£43.54,In stock,Two
The Power of Your Subconscious Mind,Joseph Murphy,1963.0,,,,,
The Prince,Niccolò Machiavelli,1515.0,,,,,
The Prince and the Pauper,Mark Twain,1881.0,,,,,
The Project,,,,,Â£10.65,In stock,One
The Prophet,Kahlil Gibran,1900.0,,,,,
The Psychopath Test: A Journey Through the Madness Industry,,,,,Â£36.00,In stock,Two
The Railway Children,Edith Nesbit,1900.0,,,,,
The Razor's Edge,William Somerset Maugham,1944.0,,,,,
The Red Badge of Courage,Stephen Crane,1855.0,,,,,
The Regional Office Is Under Attack!,,,,,Â£51.36,In stock,Five
The Requiem Red,,,,,Â£22.65,In stock,One
The Return of Sherlock Holmes,Arthur Conan Doyle,1903.0,,,,,
The Return of the King,J.R.R. Tolkien,1950.0,,,,,
The Return of the Native,Thomas Hardy,1878.0,,,,,
The Riddle of the Sands,Erskine Childers,1903.0,,,,,
The Road to Oz,L. Frank Baum,1909.0,,,,,
The Rosie Project (Don Tillman #1),,,,,Â£54.04,In stock,One
The Sayings of Lao Tzü,Laozi,1875.0,,,,,
The Scarlet Letter,Nathaniel Hawthorne,1850.0,,,,,
The Scarlet Pimpernel,"Emmuska Orczy, Baroness Orczy",1900.0,,,,,
The Sea Fairies,L. Frank Baum,1911.0,,,,,
The Second World War,Winston S. Churchill,1948.0,,,,,
The Secret (The Secret #1),,,,,Â£27.37,In stock,Four
The Secret Adversary,Agatha Christie,1922.0,,,,,
The Secret Agent,Joseph Conrad,1907.0,,,,,
The Secret Garden,Frances Hodgson Burnett,1911.0,,,,,
The Secret of Chimneys,Agatha Christie,1925.0,,,,,
The Secret of Dreadwillow Carse,,,,,Â£56.13,In stock,One
The Shack,,,,,Â£28.03,In stock,One
The Shadow Hero (The Shadow Hero),,,,,Â£33.14,In stock,One
The Sign of Four,Arthur Conan Doyle,1889.0,,,,,
The Silent Sister (Riley MacPherson #1),,,,,Â£46.29,In stock,Five
The Silmarillion,J.R.R. Tolkien,1977.0,,,,,
The Silver Chair,C.S. Lewis,1953.0,,,,,
"The Sleep Revolution: Transforming Your Life, One Night at a Time",,,,,Â£11.68,In stock,Four
The Song of Achilles,,,,,Â£37.40,In stock,Five
The Songs of the Gods,,,,,Â£44.48,In stock,Five
The Souls of Black Folk,W. E. B. Du Bois,1903.0,,,,,
The Star-Touched Queen,,,,,Â£46.02,In stock,Five
The Star-Touched Queen,,,,,Â£32.30,In stock,Five
The Story of Doctor Dolittle,Hugh Lofting,1920.0,,,,,
The Story of Philosophy,Will Durant,1926.0,,,,,
The Story of the Amulet,Edith Nesbit,1905.0,,,,,
The Strange Case of Dr. Jekyll and Mr. Hyde,Robert Louis Stevenson,1875.0,,,,,
The Stranger,,,,,Â£17.44,In stock,Four
The Subtle Knife,Philip Pullman,1997.0,,,,,
The Sun Also Rises,Ernest Hemingway,1926.0,,,,,
The Tale of Peter Rabbit,Beatrix Potter,1920.0,,,,,
The Taming of the Shrew,William Shakespeare,1631.0,,,,,
The Testament of Mary,,,,,Â£52.67,In stock,Four
The Third Wave: An Entrepreneurâs Vision of the Future,,,,,Â£12.61,In stock,Five
The Thirty-Nine Steps,John Buchan,1915.0,,,,,
"The Three Searches, Meaning, and the Story",,,,,Â£13.33,In stock,Three
The Time Keeper,,,,,Â£27.88,In stock,Five
The Time Machine,H. G. Wells,1895.0,,,,,
The Torch Is Passed: A Harding Family Story,,,,,Â£19.09,In stock,One
The Travels of Marco Polo,Marco Polo,1818.0,,,,,
The Turn of the Screw,Henry James,1898.0,,,,,
The Twits,Roald Dahl,1967.0,,,,,
The Two Towers,J.R.R. Tolkien,1954.0,,,,,
The Ugly Duckling,Hans Christian Andersen,1851.0,,,,,
The Unlikely Pilgrimage of Harold Fry (Harold Fry #1),,,,,Â£43.62,In stock,Five
The Vacationers,,,,,Â£42.15,In stock,Four
The Valley of Fear,Arthur Conan Doyle,1914.0,,,,,
The Very Hungry Caterpillar,Eric Carle,1969.0,,,,,
The Voyage of the Dawn Treader,C.S. Lewis,1952.0,,,,,
The War of the Worlds,H. G. Wells,1898.0,,,,,
The Waves,Virginia Woolf,1931.0,,,,,
The Wealth of Nations,Adam Smith,1776.0,,,,,
The Wedding Dress,,,,,Â£24.12,In stock,One
The Wedding Pact (The O'Malleys #2),,,,,Â£32.61,In stock,Three
The Whale,,,,,Â£35.96,In stock,Four
The White Cat and the Monk: A Retelling of the Poem âPangur BÃ¡nâ,,,,,Â£58.08,In stock,Four
The White Queen (The Cousins' War #1),,,,,Â£25.91,In stock,Five
The Widow,,,,,Â£27.26,In stock,Two
The Wind in the Willows,Kenneth Grahame,1908.0,,,,,
The Witches,Roald Dahl,1983.0,,,,,
The Woman in White,Wilkie Collins,1860.0,,,,,
The Wonderful Wizard of Oz,L. Frank Baum,1899.0,,,,,
The Wright Brothers,,,,,Â£56.80,In stock,Four
The Year of Living Biblically: One Man's Humble Quest to Follow the Bible as Literally as Possible,,,,,Â£34.72,In stock,One
The Year of Magical Thinking,,,,,Â£43.04,In stock,Two
"The art of money getting, or, Golden rules for money getting",P. T. Barnum,1880.0,,,,,
The blue castle,Lucy Maud Montgomery,1926.0,,,,,
The book of tea,Okakura Kakuzo,1900.0,,,,,
The book of the damned,Charles Fort,1919.0,,,,,
The fellowship of the ring,J.R.R. Tolkien,1954.0,,,,,
The food of the gods and how it came to earth,H. G. Wells,1900.0,,,,,
"The life of Olaudah Equiano, or Gustavus Vassa, the African",Olaudah Equiano,1789.0,,,,,
The moving finger,Agatha Christie,1942.0,,,,,
The princess and the goblin,George MacDonald,1907.0,,,,,
The water-babies,Charles Kingsley,1863.0,,,,,
They Do It with Mirrors,Agatha Christie,1952.0,,,,,
Think and Grow Rich,Napoleon Hill,1937.0,,,,,
Thirst,,,,,Â£17.27,In stock,Five
Thirteen Reasons Why,,,,,Â£52.72,In stock,One
This Is Where It Ends,,,,,Â£27.12,In stock,Two
This One Summer,,,,,Â£19.49,In stock,Four
This Side of Paradise,F. Scott Fitzgerald,1920.0,,,,,
Thomas Jefferson and the Tripoli Pirates: The Forgotten War That Changed American History,,,,,Â£59.64,In stock,One
Three Men in a Boat (to say nothing of the dog),Jerome Klapka Jerome,1889.0,,,,,
Throne of Glass (Throne of Glass #1),,,,,Â£35.07,In stock,Three
Through the Looking-Glass,Lewis Carroll,1865.0,,,,,
Through the Woods,,,,,Â£25.38,In stock,Two
Throwing Rocks at the Google Bus: How Growth Became the Enemy of Prosperity,,,,,Â£31.12,In stock,Three
Tik-Tok of Oz,L. Frank Baum,1914.0,,,,,
Tipping Point for Planet Earth: How Close Are We to the Edge?,,,,,Â£37.55,In stock,One
Tipping the Velvet,,,,,Â£53.74,In stock,One
To Kill a Mockingbird,Harper Lee,1960.0,,,,,
To the Lighthouse,Virginia Woolf,1927.0,,,,,
Toddlers Are A**holes: It's Not Your Fault,,,,,Â£25.55,In stock,One
"Tom Sawyer, Detective",Mark Twain,1897.0,,,,,
Tracing Numbers on a Train,,,,,Â£41.60,In stock,Three
Treasure Island,Robert Louis Stevenson,1880.0,,,,,
Troublemaker: Surviving Hollywood and Scientology,,,,,Â£48.39,In stock,Two
Tsubasa: WoRLD CHRoNiCLE 2 (Tsubasa WoRLD CHRoNiCLE #2),,,,,Â£16.28,In stock,One
Tuesday Nights in 1980,,,,,Â£21.04,In stock,Two
Tuesdays with Morrie,Mitch Albom,1994.0,,,,,
Twelfth Night,William Shakespeare,1734.0,,,,,
Twenty Yawns,,,,,Â£22.08,In stock,Two
Twilight,Stephenie Meyer,2005.0,,,,,
Ulysses,James Joyce,1920.0,,,,,
"Unbound: How Eight Technologies Made Us Human, Transformed Society, and Brought Our World to the Brink",,,,,Â£25.52,In stock,One
"Unbroken: A World War II Story of Survival, Resilience, and Redemption",,,,,Â£45.95,In stock,Two
Uncle Tom's Cabin,Harriet Beecher Stowe,1850.0,,,,,
Under the Tuscan Sun,,,,,Â£37.33,In stock,Three
Underlying Notes,,,,,Â£11.82,In stock,Two
Unicorn Tracks,,,,,Â£18.78,In stock,Three
Unlimited Intuition Now,,,,,Â£58.87,In stock,Four
Unreasonable Hope: Finding Faith in the God Who Brings Purpose to Your Pain,,,,,Â£46.33,In stock,Two
"Unseen City: The Majesty of Pigeons, the Discreet Charm of Snails & Other Wonders of the Urban Wilderness",,,,,Â£44.18,In stock,Four
Until Friday Night (The Field Party #1),,,,,Â£46.31,In stock,Two
Untitled Collection: Sabbath Poems 2014,,,,,Â£14.27,In stock,Four
Up from Slavery,Booker T. Washington,1900.0,,,,,
Utopia,Thomas More,1518.0,,,,,
V for Vendetta (V for Vendetta Complete),,,,,Â£37.10,In stock,Four
Vagabonding: An Uncommon Guide to the Art of Long-Term World Travel,,,,,Â£36.94,In stock,Two
Veinte poemas de amor y una canción desesperada,Pablo Neruda,1924.0,,,,,
"Villette, a novel",Charlotte Brontë,1853.0,,,,,
Vingt mille lieues sous les mers,Jules Verne,1870.0,,,,,
Vom Kriege,Carl von Clausewitz,1835.0,,,,,
Voyage au Centre de la Terre,Jules Verne,1867.0,,,,,
Walden,Henry David Thoreau,1854.0,,,,,
Wall and Piece,,,,,Â£44.18,In stock,Four
Walt Disney's Alice in Wonderland,,,,,Â£12.96,In stock,Five
War and Peace,Лев Толстой,1864.0,,,,,
Watchmen,,,,,Â£58.05,In stock,Four
Watership Down,Richard Adams,1972.0,,,,,
"We Are Robin, Vol. 1: The Vigilante Business (We Are Robin #1)",,,,,Â£53.90,In stock,One
"We Love You, Charlie Freeman",,,,,Â£50.27,In stock,Five
We're Going on a Bear Hunt,Michael Rosen,1746.0,,,,,
What Happened on Beale Street (Secrets of the South Mysteries #2),,,,,Â£25.37,In stock,Five
What's It Like in Space?: Stories from Astronauts Who've Been There,,,,,Â£19.60,In stock,Two
When Breath Becomes Air,,,,,Â£39.36,In stock,Two
When We Collided,,,,,Â£31.77,In stock,One
When the Sleeper Awakes,H. G. Wells,1899.0,,,,,
Where the Wild Things Are,Maurice Sendak,1600.0,,,,,
White Fang,Jack London,1905.0,,,,,
Whole Lotta Creativity Going On: 60 Fun and Unusual Exercises to Awaken and Strengthen Your Creativity,,,,,Â£38.20,In stock,Four
Whose Body?,Dorothy L. Sayers,1923.0,,,,,
Why Not Me?,,,,,Â£17.76,In stock,One
Why the Right Went Wrong: Conservatism--From Goldwater to the Tea Party and Beyond,,,,,Â£52.65,In stock,Four
Wild Swans,,,,,Â£14.36,In stock,Two
Wildlife of New York: A Five-Borough Coloring Book,,,,,Â£22.14,In stock,Two
Will You Won't You Want Me?,,,,,Â£13.86,In stock,Three
"William Shakespeare's Star Wars: Verily, A New Hope (William Shakespeare's Star Wars #4)",,,,,Â£43.30,In stock,Four
Winnie-the-Pooh,A. A. Milne,1925.0,,,,,
Without Borders (Wanderlove #1),,,,,Â£45.07,In stock,Two
Without Shame,,,,,Â£48.27,In stock,Five
Women in Love,David Herbert Lawrence,1877.0,,,,,
"Wonder Woman: Earth One, Volume One (Wonder Woman: Earth One #1)",,,,,Â£37.34,In stock,Four
"Works [37 plays, 6 poems, sonnets]",William Shakespeare,1730.0,,,,,
Worlds Elsewhere: Journeys Around Shakespeareâs Globe,,,,,Â£40.30,In stock,Five
Wuthering Heights,Emily Brontë,1846.0,,,,,
You (You #1),,,,,Â£43.61,In stock,Five
You Are What You Love: The Spiritual Power of Habit,,,,,Â£21.87,In stock,Four
You Are a Badass: How to Stop Doubting Your Greatness and Start Living an Awesome Life,,,,,Â£12.08,In stock,Three
You can't bury them all: Poems,,,,,Â£33.63,In stock,Two
Zealot: The Life and Times of Jesus of Nazareth,,,,,Â£24.70,In stock,Three
"Zero to One: Notes on Startups, or How to Build the Future",,,,,Â£34.06,In stock,Three
"[William Wheeler Hubbell, authorized to apply for patents.]",United States. Congress. Senate. Committee on Patents,1858.0,,,,,
orange: The Complete Collection 1 (orange: The Complete Collection #1),,,,,Â£48.41,In stock,One
salt.,,,,,Â£46.78,In stock,Four
Εὐθύφρων / Κρίτων / Φαίδων / Ἀπολογία Σωκράτους,Πλάτων,1871.0,,,,,
Οἰδίπους Τύραννος (Oidípous Týrannos),Sophocles,1715.0,,,,,
Πολιτικά (Politiká),Aristotle,1492.0,,,,,
Συμπόσιον,Πλάτων,1559.0,,,,,
πολιτεία,Πλάτων,1554.0,,,,,
Братья Карамазовы,Фёдор Михайлович Достоевский,1880.0,,,,,
Бѣсы,Фёдор Михайлович Достоевский,1871.0,,,,,
Доктор Живаго,Boris Leonidovich Pasternak,1957.0,,,,,
Записки изъ подполья,Фёдор Михайлович Достоевский,1864.0,,,,,
Записки изъ подполья,Фёдор Михайлович Достоевский,1960.0,,,,,
Идіотъ,Фёдор Михайлович Достоевский,1880.0,,,,,
Мастер и Маргарита,Михаил Афанасьевич Булгаков,1966.0,,,,,
Мы,Евгений Иванович Замятин,1924.0,,,,,
Отцы и дети,Ivan Sergeevich Turgenev,1867.0,,,,,
Преступление и наказание,Фёдор Михайлович Достоевский,1866.0,,,,,
Смерть Ивана Ильича,Лев Толстой,1887.0,,,,,
कामसूत्र,Mallanaga Vātsyāyana,1883.0,,,,,
Ἀπολογία Σωκράτους,Πλάτων,1675.0,,,,,
Ἰλιάς,Όμηρος,1505.0,,,,,
Ὀδύσσεια,Όμηρος,1488.0,,,,,
